trial,T_n,centered_by_n13,zscore
1,1610,0.44120000000000348,0.37004307091525573
2,1606,0.041200000000003456,0.034555245969423609
3,1596,-0.95879999999999654,-0.80416431639515673
4,1606,0.041200000000003456,0.034555245969423609
5,1612,0.64120000000000343,0.53778698338817177
6,1590,-1.5587999999999966,-1.3073960538139049
7,1590,-1.5587999999999966,-1.3073960538139049
8,1620,1.4412000000000034,1.208762633279836
9,1604,-0.15879999999999656,-0.13318866650349245
10,1622,1.6412000000000035,1.3765065457527521
11,1602,-0.35879999999999657,-0.30093257897640852
12,1616,1.0412000000000035,0.87327480833400395
13,1596,-0.95879999999999654,-0.80416431639515673
14,1602,-0.35879999999999657,-0.30093257897640852
15,1596,-0.95879999999999654,-0.80416431639515673
16,1596,-0.95879999999999654,-0.80416431639515673
17,1608,0.24120000000000347,0.20229915844233967
18,1598,-0.75879999999999659,-0.63642040392224064
19,1600,-0.55879999999999652,-0.46867649144932461
20,1618,1.2412000000000034,1.0410187208069199
21,1628,2.2412000000000036,1.8797382831715004
22,1594,-1.1587999999999965,-0.97190822886807282
23,1612,0.64120000000000343,0.53778698338817177
24,1620,1.4412000000000034,1.208762633279836
25,1612,0.64120000000000343,0.53778698338817177
26,1602,-0.35879999999999657,-0.30093257897640852
27,1594,-1.1587999999999965,-0.97190822886807282
28,1604,-0.15879999999999656,-0.13318866650349245
29,1594,-1.1587999999999965,-0.97190822886807282
30,1614,0.8412000000000035,0.70553089586108786
31,1618,1.2412000000000034,1.0410187208069199
32,1594,-1.1587999999999965,-0.97190822886807282
33,1596,-0.95879999999999654,-0.80416431639515673
34,1594,-1.1587999999999965,-0.97190822886807282
35,1592,-1.3587999999999965,-1.1396521413409888
36,1606,0.041200000000003456,0.034555245969423609
37,1592,-1.3587999999999965,-1.1396521413409888
38,1606,0.041200000000003456,0.034555245969423609
39,1584,-2.1587999999999967,-1.8106277912326532
40,1612,0.64120000000000343,0.53778698338817177
41,1608,0.24120000000000347,0.20229915844233967
42,1620,1.4412000000000034,1.208762633279836
43,1608,0.24120000000000347,0.20229915844233967
44,1604,-0.15879999999999656,-0.13318866650349245
45,1602,-0.35879999999999657,-0.30093257897640852
46,1618,1.2412000000000034,1.0410187208069199
47,1620,1.4412000000000034,1.208762633279836
48,1588,-1.7587999999999966,-1.475139966286821
49,1602,-0.35879999999999657,-0.30093257897640852
50,1606,0.041200000000003456,0.034555245969423609
51,1618,1.2412000000000034,1.0410187208069199
52,1608,0.24120000000000347,0.20229915844233967
53,1610,0.44120000000000348,0.37004307091525573
54,1604,-0.15879999999999656,-0.13318866650349245
55,1618,1.2412000000000034,1.0410187208069199
56,1616,1.0412000000000035,0.87327480833400395
57,1596,-0.95879999999999654,-0.80416431639515673
58,1642,3.6412000000000035,3.0539456704819128
59,1588,-1.7587999999999966,-1.475139966286821
60,1612,0.64120000000000343,0.53778698338817177
61,1598,-0.75879999999999659,-0.63642040392224064
62,1590,-1.5587999999999966,-1.3073960538139049
63,1610,0.44120000000000348,0.37004307091525573
64,1604,-0.15879999999999656,-0.13318866650349245
65,1610,0.44120000000000348,0.37004307091525573
66,1610,0.44120000000000348,0.37004307091525573
67,1594,-1.1587999999999965,-0.97190822886807282
68,1614,0.8412000000000035,0.70553089586108786
69,1614,0.8412000000000035,0.70553089586108786
70,1604,-0.15879999999999656,-0.13318866650349245
71,1608,0.24120000000000347,0.20229915844233967
72,1608,0.24120000000000347,0.20229915844233967
73,1600,-0.55879999999999652,-0.46867649144932461
74,1608,0.24120000000000347,0.20229915844233967
75,1610,0.44120000000000348,0.37004307091525573
76,1602,-0.35879999999999657,-0.30093257897640852
77,1590,-1.5587999999999966,-1.3073960538139049
78,1620,1.4412000000000034,1.208762633279836
79,1576,-2.9587999999999965,-2.4816034411243173
80,1602,-0.35879999999999657,-0.30093257897640852
81,1610,0.44120000000000348,0.37004307091525573
82,1602,-0.35879999999999657,-0.30093257897640852
83,1602,-0.35879999999999657,-0.30093257897640852
84,1612,0.64120000000000343,0.53778698338817177
85,1596,-0.95879999999999654,-0.80416431639515673
86,1612,0.64120000000000343,0.53778698338817177
87,1604,-0.15879999999999656,-0.13318866650349245
88,1598,-0.75879999999999659,-0.63642040392224064
89,1622,1.6412000000000035,1.3765065457527521
90,1608,0.24120000000000347,0.20229915844233967
91,1586,-1.9587999999999965,-1.6428838787597371
92,1590,-1.5587999999999966,-1.3073960538139049
93,1606,0.041200000000003456,0.034555245969423609
94,1626,2.0412000000000035,1.7119943706985843
95,1602,-0.35879999999999657,-0.30093257897640852
96,1628,2.2412000000000036,1.8797382831715004
97,1596,-0.95879999999999654,-0.80416431639515673
98,1600,-0.55879999999999652,-0.46867649144932461
99,1584,-2.1587999999999967,-1.8106277912326532
100,1590,-1.5587999999999966,-1.3073960538139049
101,1612,0.64120000000000343,0.53778698338817177
102,1604,-0.15879999999999656,-0.13318866650349245
103,1622,1.6412000000000035,1.3765065457527521
104,1624,1.8412000000000035,1.5442504582256682
105,1614,0.8412000000000035,0.70553089586108786
106,1606,0.041200000000003456,0.034555245969423609
107,1596,-0.95879999999999654,-0.80416431639515673
108,1622,1.6412000000000035,1.3765065457527521
109,1612,0.64120000000000343,0.53778698338817177
110,1608,0.24120000000000347,0.20229915844233967
111,1598,-0.75879999999999659,-0.63642040392224064
112,1604,-0.15879999999999656,-0.13318866650349245
113,1612,0.64120000000000343,0.53778698338817177
114,1612,0.64120000000000343,0.53778698338817177
115,1598,-0.75879999999999659,-0.63642040392224064
116,1624,1.8412000000000035,1.5442504582256682
117,1612,0.64120000000000343,0.53778698338817177
118,1622,1.6412000000000035,1.3765065457527521
119,1600,-0.55879999999999652,-0.46867649144932461
120,1580,-2.5587999999999966,-2.1461156161784851
121,1604,-0.15879999999999656,-0.13318866650349245
122,1620,1.4412000000000034,1.208762633279836
123,1620,1.4412000000000034,1.208762633279836
124,1620,1.4412000000000034,1.208762633279836
125,1598,-0.75879999999999659,-0.63642040392224064
126,1598,-0.75879999999999659,-0.63642040392224064
127,1570,-3.5587999999999966,-2.9848351785430656
128,1590,-1.5587999999999966,-1.3073960538139049
129,1588,-1.7587999999999966,-1.475139966286821
130,1614,0.8412000000000035,0.70553089586108786
131,1624,1.8412000000000035,1.5442504582256682
132,1594,-1.1587999999999965,-0.97190822886807282
133,1594,-1.1587999999999965,-0.97190822886807282
134,1620,1.4412000000000034,1.208762633279836
135,1612,0.64120000000000343,0.53778698338817177
136,1596,-0.95879999999999654,-0.80416431639515673
137,1606,0.041200000000003456,0.034555245969423609
138,1602,-0.35879999999999657,-0.30093257897640852
139,1604,-0.15879999999999656,-0.13318866650349245
140,1604,-0.15879999999999656,-0.13318866650349245
141,1608,0.24120000000000347,0.20229915844233967
142,1586,-1.9587999999999965,-1.6428838787597371
143,1588,-1.7587999999999966,-1.475139966286821
144,1598,-0.75879999999999659,-0.63642040392224064
145,1600,-0.55879999999999652,-0.46867649144932461
146,1596,-0.95879999999999654,-0.80416431639515673
147,1622,1.6412000000000035,1.3765065457527521
148,1616,1.0412000000000035,0.87327480833400395
149,1606,0.041200000000003456,0.034555245969423609
150,1612,0.64120000000000343,0.53778698338817177
151,1618,1.2412000000000034,1.0410187208069199
152,1606,0.041200000000003456,0.034555245969423609
153,1614,0.8412000000000035,0.70553089586108786
154,1598,-0.75879999999999659,-0.63642040392224064
155,1598,-0.75879999999999659,-0.63642040392224064
156,1592,-1.3587999999999965,-1.1396521413409888
157,1592,-1.3587999999999965,-1.1396521413409888
158,1612,0.64120000000000343,0.53778698338817177
159,1606,0.041200000000003456,0.034555245969423609
160,1604,-0.15879999999999656,-0.13318866650349245
161,1602,-0.35879999999999657,-0.30093257897640852
162,1604,-0.15879999999999656,-0.13318866650349245
163,1600,-0.55879999999999652,-0.46867649144932461
164,1610,0.44120000000000348,0.37004307091525573
165,1626,2.0412000000000035,1.7119943706985843
166,1602,-0.35879999999999657,-0.30093257897640852
167,1610,0.44120000000000348,0.37004307091525573
168,1614,0.8412000000000035,0.70553089586108786
169,1598,-0.75879999999999659,-0.63642040392224064
170,1624,1.8412000000000035,1.5442504582256682
171,1630,2.4412000000000034,2.0474821956444162
172,1592,-1.3587999999999965,-1.1396521413409888
173,1610,0.44120000000000348,0.37004307091525573
174,1612,0.64120000000000343,0.53778698338817177
175,1610,0.44120000000000348,0.37004307091525573
176,1610,0.44120000000000348,0.37004307091525573
177,1620,1.4412000000000034,1.208762633279836
178,1620,1.4412000000000034,1.208762633279836
179,1602,-0.35879999999999657,-0.30093257897640852
180,1612,0.64120000000000343,0.53778698338817177
181,1612,0.64120000000000343,0.53778698338817177
182,1602,-0.35879999999999657,-0.30093257897640852
183,1602,-0.35879999999999657,-0.30093257897640852
184,1606,0.041200000000003456,0.034555245969423609
185,1604,-0.15879999999999656,-0.13318866650349245
186,1628,2.2412000000000036,1.8797382831715004
187,1608,0.24120000000000347,0.20229915844233967
188,1606,0.041200000000003456,0.034555245969423609
189,1616,1.0412000000000035,0.87327480833400395
190,1602,-0.35879999999999657,-0.30093257897640852
191,1618,1.2412000000000034,1.0410187208069199
192,1596,-0.95879999999999654,-0.80416431639515673
193,1608,0.24120000000000347,0.20229915844233967
194,1606,0.041200000000003456,0.034555245969423609
195,1608,0.24120000000000347,0.20229915844233967
196,1616,1.0412000000000035,0.87327480833400395
197,1600,-0.55879999999999652,-0.46867649144932461
198,1610,0.44120000000000348,0.37004307091525573
199,1602,-0.35879999999999657,-0.30093257897640852
200,1618,1.2412000000000034,1.0410187208069199
201,1584,-2.1587999999999967,-1.8106277912326532
202,1606,0.041200000000003456,0.034555245969423609
203,1626,2.0412000000000035,1.7119943706985843
204,1582,-2.3587999999999965,-1.9783717037055693
205,1606,0.041200000000003456,0.034555245969423609
206,1592,-1.3587999999999965,-1.1396521413409888
207,1590,-1.5587999999999966,-1.3073960538139049
208,1610,0.44120000000000348,0.37004307091525573
209,1600,-0.55879999999999652,-0.46867649144932461
210,1588,-1.7587999999999966,-1.475139966286821
211,1590,-1.5587999999999966,-1.3073960538139049
212,1608,0.24120000000000347,0.20229915844233967
213,1610,0.44120000000000348,0.37004307091525573
214,1602,-0.35879999999999657,-0.30093257897640852
215,1594,-1.1587999999999965,-0.97190822886807282
216,1598,-0.75879999999999659,-0.63642040392224064
217,1626,2.0412000000000035,1.7119943706985843
218,1612,0.64120000000000343,0.53778698338817177
219,1622,1.6412000000000035,1.3765065457527521
220,1582,-2.3587999999999965,-1.9783717037055693
221,1602,-0.35879999999999657,-0.30093257897640852
222,1586,-1.9587999999999965,-1.6428838787597371
223,1594,-1.1587999999999965,-0.97190822886807282
224,1594,-1.1587999999999965,-0.97190822886807282
225,1596,-0.95879999999999654,-0.80416431639515673
226,1616,1.0412000000000035,0.87327480833400395
227,1596,-0.95879999999999654,-0.80416431639515673
228,1622,1.6412000000000035,1.3765065457527521
229,1586,-1.9587999999999965,-1.6428838787597371
230,1586,-1.9587999999999965,-1.6428838787597371
231,1590,-1.5587999999999966,-1.3073960538139049
232,1608,0.24120000000000347,0.20229915844233967
233,1606,0.041200000000003456,0.034555245969423609
234,1626,2.0412000000000035,1.7119943706985843
235,1614,0.8412000000000035,0.70553089586108786
236,1610,0.44120000000000348,0.37004307091525573
237,1592,-1.3587999999999965,-1.1396521413409888
238,1612,0.64120000000000343,0.53778698338817177
239,1596,-0.95879999999999654,-0.80416431639515673
240,1614,0.8412000000000035,0.70553089586108786
241,1590,-1.5587999999999966,-1.3073960538139049
242,1610,0.44120000000000348,0.37004307091525573
243,1628,2.2412000000000036,1.8797382831715004
244,1608,0.24120000000000347,0.20229915844233967
245,1612,0.64120000000000343,0.53778698338817177
246,1582,-2.3587999999999965,-1.9783717037055693
247,1588,-1.7587999999999966,-1.475139966286821
248,1600,-0.55879999999999652,-0.46867649144932461
249,1602,-0.35879999999999657,-0.30093257897640852
250,1598,-0.75879999999999659,-0.63642040392224064
251,1592,-1.3587999999999965,-1.1396521413409888
252,1614,0.8412000000000035,0.70553089586108786
253,1622,1.6412000000000035,1.3765065457527521
254,1594,-1.1587999999999965,-0.97190822886807282
255,1608,0.24120000000000347,0.20229915844233967
256,1606,0.041200000000003456,0.034555245969423609
257,1606,0.041200000000003456,0.034555245969423609
258,1602,-0.35879999999999657,-0.30093257897640852
259,1598,-0.75879999999999659,-0.63642040392224064
260,1608,0.24120000000000347,0.20229915844233967
261,1626,2.0412000000000035,1.7119943706985843
262,1616,1.0412000000000035,0.87327480833400395
263,1608,0.24120000000000347,0.20229915844233967
264,1604,-0.15879999999999656,-0.13318866650349245
265,1594,-1.1587999999999965,-0.97190822886807282
266,1596,-0.95879999999999654,-0.80416431639515673
267,1612,0.64120000000000343,0.53778698338817177
268,1594,-1.1587999999999965,-0.97190822886807282
269,1582,-2.3587999999999965,-1.9783717037055693
270,1624,1.8412000000000035,1.5442504582256682
271,1608,0.24120000000000347,0.20229915844233967
272,1606,0.041200000000003456,0.034555245969423609
273,1612,0.64120000000000343,0.53778698338817177
274,1598,-0.75879999999999659,-0.63642040392224064
275,1612,0.64120000000000343,0.53778698338817177
276,1602,-0.35879999999999657,-0.30093257897640852
277,1616,1.0412000000000035,0.87327480833400395
278,1618,1.2412000000000034,1.0410187208069199
279,1600,-0.55879999999999652,-0.46867649144932461
280,1600,-0.55879999999999652,-0.46867649144932461
281,1588,-1.7587999999999966,-1.475139966286821
282,1596,-0.95879999999999654,-0.80416431639515673
283,1608,0.24120000000000347,0.20229915844233967
284,1606,0.041200000000003456,0.034555245969423609
285,1630,2.4412000000000034,2.0474821956444162
286,1594,-1.1587999999999965,-0.97190822886807282
287,1594,-1.1587999999999965,-0.97190822886807282
288,1610,0.44120000000000348,0.37004307091525573
289,1612,0.64120000000000343,0.53778698338817177
290,1604,-0.15879999999999656,-0.13318866650349245
291,1626,2.0412000000000035,1.7119943706985843
292,1608,0.24120000000000347,0.20229915844233967
293,1592,-1.3587999999999965,-1.1396521413409888
294,1606,0.041200000000003456,0.034555245969423609
295,1598,-0.75879999999999659,-0.63642040392224064
296,1598,-0.75879999999999659,-0.63642040392224064
297,1618,1.2412000000000034,1.0410187208069199
298,1604,-0.15879999999999656,-0.13318866650349245
299,1620,1.4412000000000034,1.208762633279836
300,1610,0.44120000000000348,0.37004307091525573
301,1588,-1.7587999999999966,-1.475139966286821
302,1610,0.44120000000000348,0.37004307091525573
303,1604,-0.15879999999999656,-0.13318866650349245
304,1610,0.44120000000000348,0.37004307091525573
305,1592,-1.3587999999999965,-1.1396521413409888
306,1594,-1.1587999999999965,-0.97190822886807282
307,1586,-1.9587999999999965,-1.6428838787597371
308,1608,0.24120000000000347,0.20229915844233967
309,1604,-0.15879999999999656,-0.13318866650349245
310,1588,-1.7587999999999966,-1.475139966286821
311,1608,0.24120000000000347,0.20229915844233967
312,1604,-0.15879999999999656,-0.13318866650349245
313,1630,2.4412000000000034,2.0474821956444162
314,1606,0.041200000000003456,0.034555245969423609
315,1596,-0.95879999999999654,-0.80416431639515673
316,1584,-2.1587999999999967,-1.8106277912326532
317,1616,1.0412000000000035,0.87327480833400395
318,1620,1.4412000000000034,1.208762633279836
319,1598,-0.75879999999999659,-0.63642040392224064
320,1606,0.041200000000003456,0.034555245969423609
321,1602,-0.35879999999999657,-0.30093257897640852
322,1592,-1.3587999999999965,-1.1396521413409888
323,1610,0.44120000000000348,0.37004307091525573
324,1618,1.2412000000000034,1.0410187208069199
325,1606,0.041200000000003456,0.034555245969423609
326,1600,-0.55879999999999652,-0.46867649144932461
327,1608,0.24120000000000347,0.20229915844233967
328,1620,1.4412000000000034,1.208762633279836
329,1604,-0.15879999999999656,-0.13318866650349245
330,1602,-0.35879999999999657,-0.30093257897640852
331,1590,-1.5587999999999966,-1.3073960538139049
332,1614,0.8412000000000035,0.70553089586108786
333,1616,1.0412000000000035,0.87327480833400395
334,1604,-0.15879999999999656,-0.13318866650349245
335,1584,-2.1587999999999967,-1.8106277912326532
336,1620,1.4412000000000034,1.208762633279836
337,1608,0.24120000000000347,0.20229915844233967
338,1612,0.64120000000000343,0.53778698338817177
339,1602,-0.35879999999999657,-0.30093257897640852
340,1610,0.44120000000000348,0.37004307091525573
341,1594,-1.1587999999999965,-0.97190822886807282
342,1608,0.24120000000000347,0.20229915844233967
343,1586,-1.9587999999999965,-1.6428838787597371
344,1590,-1.5587999999999966,-1.3073960538139049
345,1616,1.0412000000000035,0.87327480833400395
346,1594,-1.1587999999999965,-0.97190822886807282
347,1604,-0.15879999999999656,-0.13318866650349245
348,1628,2.2412000000000036,1.8797382831715004
349,1600,-0.55879999999999652,-0.46867649144932461
350,1608,0.24120000000000347,0.20229915844233967
351,1602,-0.35879999999999657,-0.30093257897640852
352,1604,-0.15879999999999656,-0.13318866650349245
353,1616,1.0412000000000035,0.87327480833400395
354,1580,-2.5587999999999966,-2.1461156161784851
355,1612,0.64120000000000343,0.53778698338817177
356,1592,-1.3587999999999965,-1.1396521413409888
357,1602,-0.35879999999999657,-0.30093257897640852
358,1610,0.44120000000000348,0.37004307091525573
359,1590,-1.5587999999999966,-1.3073960538139049
360,1614,0.8412000000000035,0.70553089586108786
361,1610,0.44120000000000348,0.37004307091525573
362,1608,0.24120000000000347,0.20229915844233967
363,1608,0.24120000000000347,0.20229915844233967
364,1622,1.6412000000000035,1.3765065457527521
365,1598,-0.75879999999999659,-0.63642040392224064
366,1622,1.6412000000000035,1.3765065457527521
367,1616,1.0412000000000035,0.87327480833400395
368,1604,-0.15879999999999656,-0.13318866650349245
369,1606,0.041200000000003456,0.034555245969423609
370,1610,0.44120000000000348,0.37004307091525573
371,1596,-0.95879999999999654,-0.80416431639515673
372,1590,-1.5587999999999966,-1.3073960538139049
373,1614,0.8412000000000035,0.70553089586108786
374,1606,0.041200000000003456,0.034555245969423609
375,1624,1.8412000000000035,1.5442504582256682
376,1594,-1.1587999999999965,-0.97190822886807282
377,1628,2.2412000000000036,1.8797382831715004
378,1612,0.64120000000000343,0.53778698338817177
379,1610,0.44120000000000348,0.37004307091525573
380,1612,0.64120000000000343,0.53778698338817177
381,1620,1.4412000000000034,1.208762633279836
382,1612,0.64120000000000343,0.53778698338817177
383,1598,-0.75879999999999659,-0.63642040392224064
384,1614,0.8412000000000035,0.70553089586108786
385,1614,0.8412000000000035,0.70553089586108786
386,1600,-0.55879999999999652,-0.46867649144932461
387,1608,0.24120000000000347,0.20229915844233967
388,1600,-0.55879999999999652,-0.46867649144932461
389,1584,-2.1587999999999967,-1.8106277912326532
390,1628,2.2412000000000036,1.8797382831715004
391,1600,-0.55879999999999652,-0.46867649144932461
392,1576,-2.9587999999999965,-2.4816034411243173
393,1590,-1.5587999999999966,-1.3073960538139049
394,1612,0.64120000000000343,0.53778698338817177
395,1612,0.64120000000000343,0.53778698338817177
396,1616,1.0412000000000035,0.87327480833400395
397,1590,-1.5587999999999966,-1.3073960538139049
398,1624,1.8412000000000035,1.5442504582256682
399,1628,2.2412000000000036,1.8797382831715004
400,1608,0.24120000000000347,0.20229915844233967
401,1622,1.6412000000000035,1.3765065457527521
402,1598,-0.75879999999999659,-0.63642040392224064
403,1586,-1.9587999999999965,-1.6428838787597371
404,1580,-2.5587999999999966,-2.1461156161784851
405,1590,-1.5587999999999966,-1.3073960538139049
406,1598,-0.75879999999999659,-0.63642040392224064
407,1614,0.8412000000000035,0.70553089586108786
408,1614,0.8412000000000035,0.70553089586108786
409,1598,-0.75879999999999659,-0.63642040392224064
410,1580,-2.5587999999999966,-2.1461156161784851
411,1624,1.8412000000000035,1.5442504582256682
412,1606,0.041200000000003456,0.034555245969423609
413,1612,0.64120000000000343,0.53778698338817177
414,1620,1.4412000000000034,1.208762633279836
415,1604,-0.15879999999999656,-0.13318866650349245
416,1588,-1.7587999999999966,-1.475139966286821
417,1598,-0.75879999999999659,-0.63642040392224064
418,1620,1.4412000000000034,1.208762633279836
419,1616,1.0412000000000035,0.87327480833400395
420,1598,-0.75879999999999659,-0.63642040392224064
421,1612,0.64120000000000343,0.53778698338817177
422,1600,-0.55879999999999652,-0.46867649144932461
423,1610,0.44120000000000348,0.37004307091525573
424,1614,0.8412000000000035,0.70553089586108786
425,1594,-1.1587999999999965,-0.97190822886807282
426,1608,0.24120000000000347,0.20229915844233967
427,1614,0.8412000000000035,0.70553089586108786
428,1620,1.4412000000000034,1.208762633279836
429,1600,-0.55879999999999652,-0.46867649144932461
430,1602,-0.35879999999999657,-0.30093257897640852
431,1614,0.8412000000000035,0.70553089586108786
432,1616,1.0412000000000035,0.87327480833400395
433,1618,1.2412000000000034,1.0410187208069199
434,1612,0.64120000000000343,0.53778698338817177
435,1606,0.041200000000003456,0.034555245969423609
436,1620,1.4412000000000034,1.208762633279836
437,1600,-0.55879999999999652,-0.46867649144932461
438,1626,2.0412000000000035,1.7119943706985843
439,1600,-0.55879999999999652,-0.46867649144932461
440,1610,0.44120000000000348,0.37004307091525573
441,1606,0.041200000000003456,0.034555245969423609
442,1610,0.44120000000000348,0.37004307091525573
443,1606,0.041200000000003456,0.034555245969423609
444,1602,-0.35879999999999657,-0.30093257897640852
445,1602,-0.35879999999999657,-0.30093257897640852
446,1600,-0.55879999999999652,-0.46867649144932461
447,1592,-1.3587999999999965,-1.1396521413409888
448,1636,3.0412000000000035,2.5507139330631645
449,1600,-0.55879999999999652,-0.46867649144932461
450,1618,1.2412000000000034,1.0410187208069199
451,1610,0.44120000000000348,0.37004307091525573
452,1620,1.4412000000000034,1.208762633279836
453,1602,-0.35879999999999657,-0.30093257897640852
454,1612,0.64120000000000343,0.53778698338817177
455,1592,-1.3587999999999965,-1.1396521413409888
456,1604,-0.15879999999999656,-0.13318866650349245
457,1598,-0.75879999999999659,-0.63642040392224064
458,1620,1.4412000000000034,1.208762633279836
459,1608,0.24120000000000347,0.20229915844233967
460,1596,-0.95879999999999654,-0.80416431639515673
461,1600,-0.55879999999999652,-0.46867649144932461
462,1626,2.0412000000000035,1.7119943706985843
463,1600,-0.55879999999999652,-0.46867649144932461
464,1626,2.0412000000000035,1.7119943706985843
465,1582,-2.3587999999999965,-1.9783717037055693
466,1570,-3.5587999999999966,-2.9848351785430656
467,1592,-1.3587999999999965,-1.1396521413409888
468,1606,0.041200000000003456,0.034555245969423609
469,1616,1.0412000000000035,0.87327480833400395
470,1614,0.8412000000000035,0.70553089586108786
471,1612,0.64120000000000343,0.53778698338817177
472,1610,0.44120000000000348,0.37004307091525573
473,1602,-0.35879999999999657,-0.30093257897640852
474,1614,0.8412000000000035,0.70553089586108786
475,1600,-0.55879999999999652,-0.46867649144932461
476,1606,0.041200000000003456,0.034555245969423609
477,1604,-0.15879999999999656,-0.13318866650349245
478,1602,-0.35879999999999657,-0.30093257897640852
479,1618,1.2412000000000034,1.0410187208069199
480,1614,0.8412000000000035,0.70553089586108786
481,1602,-0.35879999999999657,-0.30093257897640852
482,1616,1.0412000000000035,0.87327480833400395
483,1604,-0.15879999999999656,-0.13318866650349245
484,1588,-1.7587999999999966,-1.475139966286821
485,1618,1.2412000000000034,1.0410187208069199
486,1602,-0.35879999999999657,-0.30093257897640852
487,1600,-0.55879999999999652,-0.46867649144932461
488,1622,1.6412000000000035,1.3765065457527521
489,1608,0.24120000000000347,0.20229915844233967
490,1604,-0.15879999999999656,-0.13318866650349245
491,1594,-1.1587999999999965,-0.97190822886807282
492,1616,1.0412000000000035,0.87327480833400395
493,1616,1.0412000000000035,0.87327480833400395
494,1614,0.8412000000000035,0.70553089586108786
495,1604,-0.15879999999999656,-0.13318866650349245
496,1610,0.44120000000000348,0.37004307091525573
497,1596,-0.95879999999999654,-0.80416431639515673
498,1602,-0.35879999999999657,-0.30093257897640852
499,1610,0.44120000000000348,0.37004307091525573
500,1612,0.64120000000000343,0.53778698338817177
501,1610,0.44120000000000348,0.37004307091525573
502,1614,0.8412000000000035,0.70553089586108786
503,1636,3.0412000000000035,2.5507139330631645
504,1614,0.8412000000000035,0.70553089586108786
505,1618,1.2412000000000034,1.0410187208069199
506,1616,1.0412000000000035,0.87327480833400395
507,1594,-1.1587999999999965,-0.97190822886807282
508,1612,0.64120000000000343,0.53778698338817177
509,1616,1.0412000000000035,0.87327480833400395
510,1610,0.44120000000000348,0.37004307091525573
511,1606,0.041200000000003456,0.034555245969423609
512,1622,1.6412000000000035,1.3765065457527521
513,1592,-1.3587999999999965,-1.1396521413409888
514,1596,-0.95879999999999654,-0.80416431639515673
515,1610,0.44120000000000348,0.37004307091525573
516,1594,-1.1587999999999965,-0.97190822886807282
517,1604,-0.15879999999999656,-0.13318866650349245
518,1614,0.8412000000000035,0.70553089586108786
519,1606,0.041200000000003456,0.034555245969423609
520,1612,0.64120000000000343,0.53778698338817177
521,1608,0.24120000000000347,0.20229915844233967
522,1624,1.8412000000000035,1.5442504582256682
523,1576,-2.9587999999999965,-2.4816034411243173
524,1624,1.8412000000000035,1.5442504582256682
525,1590,-1.5587999999999966,-1.3073960538139049
526,1594,-1.1587999999999965,-0.97190822886807282
527,1634,2.8412000000000033,2.3829700205902484
528,1630,2.4412000000000034,2.0474821956444162
529,1626,2.0412000000000035,1.7119943706985843
530,1582,-2.3587999999999965,-1.9783717037055693
531,1606,0.041200000000003456,0.034555245969423609
532,1610,0.44120000000000348,0.37004307091525573
533,1606,0.041200000000003456,0.034555245969423609
534,1604,-0.15879999999999656,-0.13318866650349245
535,1606,0.041200000000003456,0.034555245969423609
536,1590,-1.5587999999999966,-1.3073960538139049
537,1614,0.8412000000000035,0.70553089586108786
538,1604,-0.15879999999999656,-0.13318866650349245
539,1630,2.4412000000000034,2.0474821956444162
540,1594,-1.1587999999999965,-0.97190822886807282
541,1614,0.8412000000000035,0.70553089586108786
542,1614,0.8412000000000035,0.70553089586108786
543,1610,0.44120000000000348,0.37004307091525573
544,1598,-0.75879999999999659,-0.63642040392224064
545,1612,0.64120000000000343,0.53778698338817177
546,1602,-0.35879999999999657,-0.30093257897640852
547,1602,-0.35879999999999657,-0.30093257897640852
548,1588,-1.7587999999999966,-1.475139966286821
549,1608,0.24120000000000347,0.20229915844233967
550,1614,0.8412000000000035,0.70553089586108786
551,1608,0.24120000000000347,0.20229915844233967
552,1612,0.64120000000000343,0.53778698338817177
553,1610,0.44120000000000348,0.37004307091525573
554,1618,1.2412000000000034,1.0410187208069199
555,1620,1.4412000000000034,1.208762633279836
556,1612,0.64120000000000343,0.53778698338817177
557,1592,-1.3587999999999965,-1.1396521413409888
558,1590,-1.5587999999999966,-1.3073960538139049
559,1608,0.24120000000000347,0.20229915844233967
560,1596,-0.95879999999999654,-0.80416431639515673
561,1618,1.2412000000000034,1.0410187208069199
562,1638,3.2412000000000036,2.7184578455360806
563,1588,-1.7587999999999966,-1.475139966286821
564,1624,1.8412000000000035,1.5442504582256682
565,1598,-0.75879999999999659,-0.63642040392224064
566,1612,0.64120000000000343,0.53778698338817177
567,1618,1.2412000000000034,1.0410187208069199
568,1588,-1.7587999999999966,-1.475139966286821
569,1620,1.4412000000000034,1.208762633279836
570,1592,-1.3587999999999965,-1.1396521413409888
571,1608,0.24120000000000347,0.20229915844233967
572,1612,0.64120000000000343,0.53778698338817177
573,1610,0.44120000000000348,0.37004307091525573
574,1608,0.24120000000000347,0.20229915844233967
575,1636,3.0412000000000035,2.5507139330631645
576,1610,0.44120000000000348,0.37004307091525573
577,1614,0.8412000000000035,0.70553089586108786
578,1604,-0.15879999999999656,-0.13318866650349245
579,1598,-0.75879999999999659,-0.63642040392224064
580,1598,-0.75879999999999659,-0.63642040392224064
581,1600,-0.55879999999999652,-0.46867649144932461
582,1608,0.24120000000000347,0.20229915844233967
583,1618,1.2412000000000034,1.0410187208069199
584,1620,1.4412000000000034,1.208762633279836
585,1592,-1.3587999999999965,-1.1396521413409888
586,1614,0.8412000000000035,0.70553089586108786
587,1594,-1.1587999999999965,-0.97190822886807282
588,1608,0.24120000000000347,0.20229915844233967
589,1598,-0.75879999999999659,-0.63642040392224064
590,1604,-0.15879999999999656,-0.13318866650349245
591,1614,0.8412000000000035,0.70553089586108786
592,1610,0.44120000000000348,0.37004307091525573
593,1608,0.24120000000000347,0.20229915844233967
594,1576,-2.9587999999999965,-2.4816034411243173
595,1604,-0.15879999999999656,-0.13318866650349245
596,1604,-0.15879999999999656,-0.13318866650349245
597,1598,-0.75879999999999659,-0.63642040392224064
598,1618,1.2412000000000034,1.0410187208069199
599,1610,0.44120000000000348,0.37004307091525573
600,1606,0.041200000000003456,0.034555245969423609
601,1594,-1.1587999999999965,-0.97190822886807282
602,1608,0.24120000000000347,0.20229915844233967
603,1626,2.0412000000000035,1.7119943706985843
604,1594,-1.1587999999999965,-0.97190822886807282
605,1616,1.0412000000000035,0.87327480833400395
606,1608,0.24120000000000347,0.20229915844233967
607,1606,0.041200000000003456,0.034555245969423609
608,1598,-0.75879999999999659,-0.63642040392224064
609,1586,-1.9587999999999965,-1.6428838787597371
610,1594,-1.1587999999999965,-0.97190822886807282
611,1604,-0.15879999999999656,-0.13318866650349245
612,1616,1.0412000000000035,0.87327480833400395
613,1604,-0.15879999999999656,-0.13318866650349245
614,1616,1.0412000000000035,0.87327480833400395
615,1608,0.24120000000000347,0.20229915844233967
616,1600,-0.55879999999999652,-0.46867649144932461
617,1604,-0.15879999999999656,-0.13318866650349245
618,1598,-0.75879999999999659,-0.63642040392224064
619,1610,0.44120000000000348,0.37004307091525573
620,1606,0.041200000000003456,0.034555245969423609
621,1628,2.2412000000000036,1.8797382831715004
622,1606,0.041200000000003456,0.034555245969423609
623,1608,0.24120000000000347,0.20229915844233967
624,1608,0.24120000000000347,0.20229915844233967
625,1600,-0.55879999999999652,-0.46867649144932461
626,1600,-0.55879999999999652,-0.46867649144932461
627,1602,-0.35879999999999657,-0.30093257897640852
628,1604,-0.15879999999999656,-0.13318866650349245
629,1594,-1.1587999999999965,-0.97190822886807282
630,1600,-0.55879999999999652,-0.46867649144932461
631,1608,0.24120000000000347,0.20229915844233967
632,1600,-0.55879999999999652,-0.46867649144932461
633,1604,-0.15879999999999656,-0.13318866650349245
634,1618,1.2412000000000034,1.0410187208069199
635,1598,-0.75879999999999659,-0.63642040392224064
636,1592,-1.3587999999999965,-1.1396521413409888
637,1608,0.24120000000000347,0.20229915844233967
638,1598,-0.75879999999999659,-0.63642040392224064
639,1604,-0.15879999999999656,-0.13318866650349245
640,1588,-1.7587999999999966,-1.475139966286821
641,1592,-1.3587999999999965,-1.1396521413409888
642,1618,1.2412000000000034,1.0410187208069199
643,1604,-0.15879999999999656,-0.13318866650349245
644,1596,-0.95879999999999654,-0.80416431639515673
645,1614,0.8412000000000035,0.70553089586108786
646,1590,-1.5587999999999966,-1.3073960538139049
647,1602,-0.35879999999999657,-0.30093257897640852
648,1598,-0.75879999999999659,-0.63642040392224064
649,1604,-0.15879999999999656,-0.13318866650349245
650,1586,-1.9587999999999965,-1.6428838787597371
651,1620,1.4412000000000034,1.208762633279836
652,1620,1.4412000000000034,1.208762633279836
653,1584,-2.1587999999999967,-1.8106277912326532
654,1584,-2.1587999999999967,-1.8106277912326532
655,1590,-1.5587999999999966,-1.3073960538139049
656,1604,-0.15879999999999656,-0.13318866650349245
657,1608,0.24120000000000347,0.20229915844233967
658,1608,0.24120000000000347,0.20229915844233967
659,1616,1.0412000000000035,0.87327480833400395
660,1594,-1.1587999999999965,-0.97190822886807282
661,1586,-1.9587999999999965,-1.6428838787597371
662,1584,-2.1587999999999967,-1.8106277912326532
663,1612,0.64120000000000343,0.53778698338817177
664,1578,-2.7587999999999964,-2.3138595286514012
665,1604,-0.15879999999999656,-0.13318866650349245
666,1598,-0.75879999999999659,-0.63642040392224064
667,1608,0.24120000000000347,0.20229915844233967
668,1614,0.8412000000000035,0.70553089586108786
669,1610,0.44120000000000348,0.37004307091525573
670,1574,-3.1587999999999967,-2.6493473535972334
671,1624,1.8412000000000035,1.5442504582256682
672,1590,-1.5587999999999966,-1.3073960538139049
673,1600,-0.55879999999999652,-0.46867649144932461
674,1602,-0.35879999999999657,-0.30093257897640852
675,1590,-1.5587999999999966,-1.3073960538139049
676,1596,-0.95879999999999654,-0.80416431639515673
677,1604,-0.15879999999999656,-0.13318866650349245
678,1624,1.8412000000000035,1.5442504582256682
679,1618,1.2412000000000034,1.0410187208069199
680,1604,-0.15879999999999656,-0.13318866650349245
681,1614,0.8412000000000035,0.70553089586108786
682,1606,0.041200000000003456,0.034555245969423609
683,1626,2.0412000000000035,1.7119943706985843
684,1582,-2.3587999999999965,-1.9783717037055693
685,1592,-1.3587999999999965,-1.1396521413409888
686,1580,-2.5587999999999966,-2.1461156161784851
687,1610,0.44120000000000348,0.37004307091525573
688,1594,-1.1587999999999965,-0.97190822886807282
689,1596,-0.95879999999999654,-0.80416431639515673
690,1630,2.4412000000000034,2.0474821956444162
691,1620,1.4412000000000034,1.208762633279836
692,1604,-0.15879999999999656,-0.13318866650349245
693,1610,0.44120000000000348,0.37004307091525573
694,1590,-1.5587999999999966,-1.3073960538139049
695,1614,0.8412000000000035,0.70553089586108786
696,1622,1.6412000000000035,1.3765065457527521
697,1602,-0.35879999999999657,-0.30093257897640852
698,1620,1.4412000000000034,1.208762633279836
699,1604,-0.15879999999999656,-0.13318866650349245
700,1602,-0.35879999999999657,-0.30093257897640852
701,1580,-2.5587999999999966,-2.1461156161784851
702,1618,1.2412000000000034,1.0410187208069199
703,1626,2.0412000000000035,1.7119943706985843
704,1602,-0.35879999999999657,-0.30093257897640852
705,1598,-0.75879999999999659,-0.63642040392224064
706,1600,-0.55879999999999652,-0.46867649144932461
707,1594,-1.1587999999999965,-0.97190822886807282
708,1614,0.8412000000000035,0.70553089586108786
709,1600,-0.55879999999999652,-0.46867649144932461
710,1586,-1.9587999999999965,-1.6428838787597371
711,1620,1.4412000000000034,1.208762633279836
712,1588,-1.7587999999999966,-1.475139966286821
713,1626,2.0412000000000035,1.7119943706985843
714,1608,0.24120000000000347,0.20229915844233967
715,1616,1.0412000000000035,0.87327480833400395
716,1606,0.041200000000003456,0.034555245969423609
717,1606,0.041200000000003456,0.034555245969423609
718,1626,2.0412000000000035,1.7119943706985843
719,1618,1.2412000000000034,1.0410187208069199
720,1608,0.24120000000000347,0.20229915844233967
721,1592,-1.3587999999999965,-1.1396521413409888
722,1580,-2.5587999999999966,-2.1461156161784851
723,1600,-0.55879999999999652,-0.46867649144932461
724,1628,2.2412000000000036,1.8797382831715004
725,1608,0.24120000000000347,0.20229915844233967
726,1606,0.041200000000003456,0.034555245969423609
727,1602,-0.35879999999999657,-0.30093257897640852
728,1606,0.041200000000003456,0.034555245969423609
729,1608,0.24120000000000347,0.20229915844233967
730,1610,0.44120000000000348,0.37004307091525573
731,1590,-1.5587999999999966,-1.3073960538139049
732,1616,1.0412000000000035,0.87327480833400395
733,1604,-0.15879999999999656,-0.13318866650349245
734,1612,0.64120000000000343,0.53778698338817177
735,1586,-1.9587999999999965,-1.6428838787597371
736,1600,-0.55879999999999652,-0.46867649144932461
737,1596,-0.95879999999999654,-0.80416431639515673
738,1610,0.44120000000000348,0.37004307091525573
739,1614,0.8412000000000035,0.70553089586108786
740,1612,0.64120000000000343,0.53778698338817177
741,1602,-0.35879999999999657,-0.30093257897640852
742,1606,0.041200000000003456,0.034555245969423609
743,1622,1.6412000000000035,1.3765065457527521
744,1608,0.24120000000000347,0.20229915844233967
745,1606,0.041200000000003456,0.034555245969423609
746,1612,0.64120000000000343,0.53778698338817177
747,1612,0.64120000000000343,0.53778698338817177
748,1598,-0.75879999999999659,-0.63642040392224064
749,1626,2.0412000000000035,1.7119943706985843
750,1584,-2.1587999999999967,-1.8106277912326532
751,1624,1.8412000000000035,1.5442504582256682
752,1586,-1.9587999999999965,-1.6428838787597371
753,1590,-1.5587999999999966,-1.3073960538139049
754,1616,1.0412000000000035,0.87327480833400395
755,1602,-0.35879999999999657,-0.30093257897640852
756,1596,-0.95879999999999654,-0.80416431639515673
757,1598,-0.75879999999999659,-0.63642040392224064
758,1610,0.44120000000000348,0.37004307091525573
759,1614,0.8412000000000035,0.70553089586108786
760,1616,1.0412000000000035,0.87327480833400395
761,1600,-0.55879999999999652,-0.46867649144932461
762,1606,0.041200000000003456,0.034555245969423609
763,1600,-0.55879999999999652,-0.46867649144932461
764,1582,-2.3587999999999965,-1.9783717037055693
765,1606,0.041200000000003456,0.034555245969423609
766,1608,0.24120000000000347,0.20229915844233967
767,1628,2.2412000000000036,1.8797382831715004
768,1626,2.0412000000000035,1.7119943706985843
769,1614,0.8412000000000035,0.70553089586108786
770,1606,0.041200000000003456,0.034555245969423609
771,1622,1.6412000000000035,1.3765065457527521
772,1604,-0.15879999999999656,-0.13318866650349245
773,1612,0.64120000000000343,0.53778698338817177
774,1628,2.2412000000000036,1.8797382831715004
775,1604,-0.15879999999999656,-0.13318866650349245
776,1572,-3.3587999999999965,-2.8170912660701495
777,1586,-1.9587999999999965,-1.6428838787597371
778,1598,-0.75879999999999659,-0.63642040392224064
779,1616,1.0412000000000035,0.87327480833400395
780,1610,0.44120000000000348,0.37004307091525573
781,1600,-0.55879999999999652,-0.46867649144932461
782,1606,0.041200000000003456,0.034555245969423609
783,1590,-1.5587999999999966,-1.3073960538139049
784,1576,-2.9587999999999965,-2.4816034411243173
785,1610,0.44120000000000348,0.37004307091525573
786,1624,1.8412000000000035,1.5442504582256682
787,1620,1.4412000000000034,1.208762633279836
788,1590,-1.5587999999999966,-1.3073960538139049
789,1616,1.0412000000000035,0.87327480833400395
790,1584,-2.1587999999999967,-1.8106277912326532
791,1604,-0.15879999999999656,-0.13318866650349245
792,1618,1.2412000000000034,1.0410187208069199
793,1614,0.8412000000000035,0.70553089586108786
794,1600,-0.55879999999999652,-0.46867649144932461
795,1596,-0.95879999999999654,-0.80416431639515673
796,1616,1.0412000000000035,0.87327480833400395
797,1620,1.4412000000000034,1.208762633279836
798,1612,0.64120000000000343,0.53778698338817177
799,1616,1.0412000000000035,0.87327480833400395
800,1610,0.44120000000000348,0.37004307091525573
801,1600,-0.55879999999999652,-0.46867649144932461
802,1588,-1.7587999999999966,-1.475139966286821
803,1612,0.64120000000000343,0.53778698338817177
804,1594,-1.1587999999999965,-0.97190822886807282
805,1594,-1.1587999999999965,-0.97190822886807282
806,1628,2.2412000000000036,1.8797382831715004
807,1598,-0.75879999999999659,-0.63642040392224064
808,1614,0.8412000000000035,0.70553089586108786
809,1610,0.44120000000000348,0.37004307091525573
810,1592,-1.3587999999999965,-1.1396521413409888
811,1638,3.2412000000000036,2.7184578455360806
812,1606,0.041200000000003456,0.034555245969423609
813,1582,-2.3587999999999965,-1.9783717037055693
814,1602,-0.35879999999999657,-0.30093257897640852
815,1622,1.6412000000000035,1.3765065457527521
816,1600,-0.55879999999999652,-0.46867649144932461
817,1596,-0.95879999999999654,-0.80416431639515673
818,1628,2.2412000000000036,1.8797382831715004
819,1582,-2.3587999999999965,-1.9783717037055693
820,1598,-0.75879999999999659,-0.63642040392224064
821,1606,0.041200000000003456,0.034555245969423609
822,1608,0.24120000000000347,0.20229915844233967
823,1616,1.0412000000000035,0.87327480833400395
824,1592,-1.3587999999999965,-1.1396521413409888
825,1614,0.8412000000000035,0.70553089586108786
826,1596,-0.95879999999999654,-0.80416431639515673
827,1600,-0.55879999999999652,-0.46867649144932461
828,1604,-0.15879999999999656,-0.13318866650349245
829,1584,-2.1587999999999967,-1.8106277912326532
830,1596,-0.95879999999999654,-0.80416431639515673
831,1606,0.041200000000003456,0.034555245969423609
832,1606,0.041200000000003456,0.034555245969423609
833,1600,-0.55879999999999652,-0.46867649144932461
834,1614,0.8412000000000035,0.70553089586108786
835,1586,-1.9587999999999965,-1.6428838787597371
836,1616,1.0412000000000035,0.87327480833400395
837,1614,0.8412000000000035,0.70553089586108786
838,1606,0.041200000000003456,0.034555245969423609
839,1604,-0.15879999999999656,-0.13318866650349245
840,1624,1.8412000000000035,1.5442504582256682
841,1624,1.8412000000000035,1.5442504582256682
842,1620,1.4412000000000034,1.208762633279836
843,1604,-0.15879999999999656,-0.13318866650349245
844,1622,1.6412000000000035,1.3765065457527521
845,1616,1.0412000000000035,0.87327480833400395
846,1612,0.64120000000000343,0.53778698338817177
847,1592,-1.3587999999999965,-1.1396521413409888
848,1614,0.8412000000000035,0.70553089586108786
849,1606,0.041200000000003456,0.034555245969423609
850,1594,-1.1587999999999965,-0.97190822886807282
851,1606,0.041200000000003456,0.034555245969423609
852,1586,-1.9587999999999965,-1.6428838787597371
853,1606,0.041200000000003456,0.034555245969423609
854,1606,0.041200000000003456,0.034555245969423609
855,1588,-1.7587999999999966,-1.475139966286821
856,1612,0.64120000000000343,0.53778698338817177
857,1618,1.2412000000000034,1.0410187208069199
858,1628,2.2412000000000036,1.8797382831715004
859,1614,0.8412000000000035,0.70553089586108786
860,1602,-0.35879999999999657,-0.30093257897640852
861,1622,1.6412000000000035,1.3765065457527521
862,1588,-1.7587999999999966,-1.475139966286821
863,1598,-0.75879999999999659,-0.63642040392224064
864,1592,-1.3587999999999965,-1.1396521413409888
865,1608,0.24120000000000347,0.20229915844233967
866,1612,0.64120000000000343,0.53778698338817177
867,1622,1.6412000000000035,1.3765065457527521
868,1614,0.8412000000000035,0.70553089586108786
869,1628,2.2412000000000036,1.8797382831715004
870,1606,0.041200000000003456,0.034555245969423609
871,1626,2.0412000000000035,1.7119943706985843
872,1612,0.64120000000000343,0.53778698338817177
873,1606,0.041200000000003456,0.034555245969423609
874,1628,2.2412000000000036,1.8797382831715004
875,1606,0.041200000000003456,0.034555245969423609
876,1596,-0.95879999999999654,-0.80416431639515673
877,1620,1.4412000000000034,1.208762633279836
878,1616,1.0412000000000035,0.87327480833400395
879,1616,1.0412000000000035,0.87327480833400395
880,1622,1.6412000000000035,1.3765065457527521
881,1612,0.64120000000000343,0.53778698338817177
882,1614,0.8412000000000035,0.70553089586108786
883,1610,0.44120000000000348,0.37004307091525573
884,1604,-0.15879999999999656,-0.13318866650349245
885,1588,-1.7587999999999966,-1.475139966286821
886,1606,0.041200000000003456,0.034555245969423609
887,1610,0.44120000000000348,0.37004307091525573
888,1590,-1.5587999999999966,-1.3073960538139049
889,1608,0.24120000000000347,0.20229915844233967
890,1616,1.0412000000000035,0.87327480833400395
891,1606,0.041200000000003456,0.034555245969423609
892,1604,-0.15879999999999656,-0.13318866650349245
893,1594,-1.1587999999999965,-0.97190822886807282
894,1594,-1.1587999999999965,-0.97190822886807282
895,1576,-2.9587999999999965,-2.4816034411243173
896,1606,0.041200000000003456,0.034555245969423609
897,1624,1.8412000000000035,1.5442504582256682
898,1610,0.44120000000000348,0.37004307091525573
899,1590,-1.5587999999999966,-1.3073960538139049
900,1602,-0.35879999999999657,-0.30093257897640852
901,1618,1.2412000000000034,1.0410187208069199
902,1610,0.44120000000000348,0.37004307091525573
903,1578,-2.7587999999999964,-2.3138595286514012
904,1588,-1.7587999999999966,-1.475139966286821
905,1604,-0.15879999999999656,-0.13318866650349245
906,1626,2.0412000000000035,1.7119943706985843
907,1606,0.041200000000003456,0.034555245969423609
908,1614,0.8412000000000035,0.70553089586108786
909,1592,-1.3587999999999965,-1.1396521413409888
910,1598,-0.75879999999999659,-0.63642040392224064
911,1610,0.44120000000000348,0.37004307091525573
912,1618,1.2412000000000034,1.0410187208069199
913,1608,0.24120000000000347,0.20229915844233967
914,1602,-0.35879999999999657,-0.30093257897640852
915,1612,0.64120000000000343,0.53778698338817177
916,1610,0.44120000000000348,0.37004307091525573
917,1598,-0.75879999999999659,-0.63642040392224064
918,1608,0.24120000000000347,0.20229915844233967
919,1576,-2.9587999999999965,-2.4816034411243173
920,1604,-0.15879999999999656,-0.13318866650349245
921,1594,-1.1587999999999965,-0.97190822886807282
922,1608,0.24120000000000347,0.20229915844233967
923,1596,-0.95879999999999654,-0.80416431639515673
924,1624,1.8412000000000035,1.5442504582256682
925,1600,-0.55879999999999652,-0.46867649144932461
926,1614,0.8412000000000035,0.70553089586108786
927,1618,1.2412000000000034,1.0410187208069199
928,1596,-0.95879999999999654,-0.80416431639515673
929,1604,-0.15879999999999656,-0.13318866650349245
930,1610,0.44120000000000348,0.37004307091525573
931,1606,0.041200000000003456,0.034555245969423609
932,1622,1.6412000000000035,1.3765065457527521
933,1590,-1.5587999999999966,-1.3073960538139049
934,1614,0.8412000000000035,0.70553089586108786
935,1622,1.6412000000000035,1.3765065457527521
936,1614,0.8412000000000035,0.70553089586108786
937,1620,1.4412000000000034,1.208762633279836
938,1604,-0.15879999999999656,-0.13318866650349245
939,1598,-0.75879999999999659,-0.63642040392224064
940,1616,1.0412000000000035,0.87327480833400395
941,1608,0.24120000000000347,0.20229915844233967
942,1588,-1.7587999999999966,-1.475139966286821
943,1632,2.6412000000000035,2.2152261081173323
944,1608,0.24120000000000347,0.20229915844233967
945,1608,0.24120000000000347,0.20229915844233967
946,1614,0.8412000000000035,0.70553089586108786
947,1600,-0.55879999999999652,-0.46867649144932461
948,1592,-1.3587999999999965,-1.1396521413409888
949,1592,-1.3587999999999965,-1.1396521413409888
950,1610,0.44120000000000348,0.37004307091525573
951,1590,-1.5587999999999966,-1.3073960538139049
952,1618,1.2412000000000034,1.0410187208069199
953,1588,-1.7587999999999966,-1.475139966286821
954,1598,-0.75879999999999659,-0.63642040392224064
955,1610,0.44120000000000348,0.37004307091525573
956,1620,1.4412000000000034,1.208762633279836
957,1592,-1.3587999999999965,-1.1396521413409888
958,1590,-1.5587999999999966,-1.3073960538139049
959,1602,-0.35879999999999657,-0.30093257897640852
960,1606,0.041200000000003456,0.034555245969423609
961,1610,0.44120000000000348,0.37004307091525573
962,1598,-0.75879999999999659,-0.63642040392224064
963,1614,0.8412000000000035,0.70553089586108786
964,1632,2.6412000000000035,2.2152261081173323
965,1604,-0.15879999999999656,-0.13318866650349245
966,1598,-0.75879999999999659,-0.63642040392224064
967,1618,1.2412000000000034,1.0410187208069199
968,1562,-4.3587999999999969,-3.6558108284347299
969,1596,-0.95879999999999654,-0.80416431639515673
970,1590,-1.5587999999999966,-1.3073960538139049
971,1598,-0.75879999999999659,-0.63642040392224064
972,1610,0.44120000000000348,0.37004307091525573
973,1608,0.24120000000000347,0.20229915844233967
974,1596,-0.95879999999999654,-0.80416431639515673
975,1588,-1.7587999999999966,-1.475139966286821
976,1612,0.64120000000000343,0.53778698338817177
977,1612,0.64120000000000343,0.53778698338817177
978,1604,-0.15879999999999656,-0.13318866650349245
979,1574,-3.1587999999999967,-2.6493473535972334
980,1608,0.24120000000000347,0.20229915844233967
981,1602,-0.35879999999999657,-0.30093257897640852
982,1602,-0.35879999999999657,-0.30093257897640852
983,1606,0.041200000000003456,0.034555245969423609
984,1596,-0.95879999999999654,-0.80416431639515673
985,1598,-0.75879999999999659,-0.63642040392224064
986,1612,0.64120000000000343,0.53778698338817177
987,1604,-0.15879999999999656,-0.13318866650349245
988,1590,-1.5587999999999966,-1.3073960538139049
989,1606,0.041200000000003456,0.034555245969423609
990,1612,0.64120000000000343,0.53778698338817177
991,1604,-0.15879999999999656,-0.13318866650349245
992,1618,1.2412000000000034,1.0410187208069199
993,1600,-0.55879999999999652,-0.46867649144932461
994,1602,-0.35879999999999657,-0.30093257897640852
995,1598,-0.75879999999999659,-0.63642040392224064
996,1620,1.4412000000000034,1.208762633279836
997,1592,-1.3587999999999965,-1.1396521413409888
998,1620,1.4412000000000034,1.208762633279836
999,1600,-0.55879999999999652,-0.46867649144932461
1000,1618,1.2412000000000034,1.0410187208069199
